slug,clicks,impressions,position
how-to-quote-electrical-work,20,1614,10.4
how-to-quote-concrete-driveway,11,1549,26.0
how-much-should-i-charge-for-callout-fees,7,923,7.8
how-to-quote-tile-and-slate-work,6,580,8.3
how-to-quote-a-shed-build,5,635,13.0
how-to-quote-landscaping,5,202,9.6
how-to-quote-a-fence-installation,5,94,5.9
how-to-quote-insulation-installation,4,574,19.6
how-to-quote-a-bathroom-renovation,4,145,15.1
how-to-quote-a-retaining-wall,3,276,6.2
how-to-price-a-kitchen-renovation,3,211,9.5
how-to-quote-driveway-pressure-cleaning,3,186,7.3
how-to-quote-commercial-cleaning,3,109,9.4
how-to-quote-paving-installation,3,43,9.4
how-to-quote-painting-interior-house,2,149,9.1
how-to-quote-plumbing-work,2,59,6.9
how-to-quote-a-pergola,2,56,6.0
how-to-quote-split-system-air-conditioning,2,50,7.4
how-to-quote-a-shower-screen-installation,2,40,10.2
tradie-job-management-app,1,463,50.0
how-tradies-can-stop-losing-leads,1,201,20.2
how-to-handle-missed-tradie-calls,1,189,19.2
nsw-ecert-ccew-digital-lodgement,1,125,7.2
how-to-quote-retaining-wall-installation,1,85,6.8
how-to-quote-bathroom-waterproofing-compliance,1,76,9.9
how-to-quote-window-replacement,1,73,13.1
how-to-quote-painting-a-house,1,67,7.7
ai-receptionist-for-tradies,1,62,20.7
how-to-quote-roof-replacement-australia,1,53,19.6
how-to-quote-a-concrete-slab,1,49,6.8
how-to-quote-a-laundry-renovation,1,42,6.9
(articles-index),1,38,41.9
how-to-follow-up-on-a-quote-as-a-tradie,1,37,27.1
how-to-quote-epoxy-floor-coating,1,34,6.1
how-to-quote-gutter-replacement,1,33,6.7
how-to-quote-an-epoxy-floor-coating,1,33,7.9
how-to-quote-bathroom-tiling,1,25,6.0
how-to-quote-a-garage-door-replacement,1,25,23.2
how-to-quote-carpet-cleaning,1,17,6.6
how-to-quote-a-granny-flat,1,14,9.4
after-hours-plumber-call-out-rates,0,385,16.2
how-to-quote-a-driveway-gate-installation,0,139,8.2
how-to-price-a-fence-installation,0,119,8.0
how-to-quote-a-deck-build,0,91,6.2
how-to-quote-tiling,0,72,6.0
how-to-quote-a-concrete-driveway,0,59,6.0
after-hours-leads-tradies,0,58,8.8
tradie-job-management-app-vs-tradify,0,52,47.0
how-to-quote-a-solar-panel-installation,0,51,25.1
missed-calls-cost-tradies,0,50,7.8
how-to-quote-a-colorbond-fence,0,49,13.0
how-to-quote-outdoor-kitchen-build,0,48,8.0
how-to-quote-a-split-system-installation,0,48,10.6
job-scheduling-app-for-tradies,0,46,22.6
how-to-quote-led-downlight-installation,0,44,8.5
how-to-quote-pool-fencing-installation,0,44,15.7
how-to-schedule-tradie-jobs-without-double-booking,0,38,7.9
how-to-quote-a-solar-installation,0,36,24.6
how-to-quote-termite-treatment,0,31,14.7
how-to-increase-quote-conversion-rate-tradie,0,29,22.4
how-to-quote-flooring,0,28,5.1
how-to-quote-timber-floor-sanding,0,27,8.9
how-to-quote-a-staircase-build,0,27,9.9
how-to-quote-smoke-alarm-installation,0,26,5.4
tradie-cancelled-jobs-tracking,0,26,17.3
tradie-job-management-app,0,25,63.7
how-to-quote-a-carport-build,0,24,9.6
how-to-quote-rendering-a-house,0,21,7.2
how-to-quote-a-hot-water-system-replacement,0,20,6.5
free-tradie-job-management-app,0,19,46.4
how-to-quote-a-kitchen-renovation,0,17,8.3
google-calendar-for-tradies,0,14,7.2
on-site-job-photos-for-tradies,0,12,8.6
how-to-quote-pest-inspection,0,11,8.2
how-to-quote-a-driveway-gate-installation,0,11,8.8
how-to-quote-ducted-air-conditioning,0,10,3.1
tradie-job-management-app-vs-servicem8,0,10,6.9
automated-quote-follow-ups-for-tradies,0,10,13.7
how-to-quote-pool-fencing,0,9,5.8
quote-to-invoice-workflow-tradie,0,9,12.6
tradie-multi-day-job-scheduling,0,8,3.1
tradie-work-pipeline-dashboard,0,6,5.8
how-to-quote-a-roof-restoration,0,5,4.8
tradie-on-site-checklist-app,0,5,7.2
how-to-quote-a-patio-extension,0,4,15.5
how-to-quote-a-carport-build,0,3,7.3
tradie-job-photo-annotation-app,0,2,4.5
how-to-track-tradie-jobs-from-quote-to-paid,0,2,6.5
how-to-quote-tree-removal,0,2,10.0
