primary,secondaries,trade,relatedTemplate,kd,volume,intent
# Rule (Aug 2026): before adding a row, check the slugified primary against seo/data.json guide slugs AND existing topics —
# near-duplicate keyword variants generate near-duplicate articles (13 retired in the Aug 2026 audit, commit 26aeef2).
how to quote a deck build,deck building cost australia|timber decking quote|composite decking price,carpenters,,22,320,informational
how to price a kitchen renovation,kitchen reno cost australia|cabinetry quoting|benchtop pricing,builders,,28,720,informational
how to quote concrete driveway,concrete driveway cost per m2|exposed aggregate pricing|driveway labour cost,concreters,,24,480,informational
how to quote roof replacement australia,colorbond roof cost|tile roof replacement price|metal roofing quote,roofers,,29,590,informational
how to quote tile and slate work,floor tiling cost per m2|tile waste factor|tile adhesive pricing,tilers,,18,210,informational
how to quote painting interior house,interior painting cost australia|paint coverage rates|primer pricing,painters,,21,390,informational
how to quote a solar panel installation,solar install cost australia|battery storage pricing|inverter quote,electricians,,32,890,informational
how to quote split system air conditioning,split system install cost|ducted aircon quote|aircon labour rates,hvac-technicians,,26,520,informational
how to quote insulation installation,ceiling insulation cost|wall insulation r-value|underfloor insulation price,builders,,17,180,informational
how to quote driveway pressure cleaning,driveway cleaning cost|pressure wash quote|concrete cleaning price,cleaners,,15,150,informational
how to quote tree removal,tree removal cost australia|stump grinding quote|arborist pricing,arborists,,23,610,informational
how to handle missed tradie calls,tradie missed calls|after hours tradie phone|small business missed calls,builders,,18,210,commercial
after hours plumber call out rates,emergency plumber rates australia|after hours call out fee|weekend plumber pricing,plumbers,,21,380,commercial
how tradies can stop losing leads,tradie lead generation|tradie phone leads|builder lead capture,builders,,16,170,commercial
how much should i charge for callout fees,tradie callout fee|service call charge|minimum job fee tradies,builders,,19,240,informational
how to quote bathroom waterproofing compliance,AS3740 waterproofing|wet area waterproofing cost|membrane application price,builders,bathroom-waterproofing-quote-template,17,160,informational
how to quote a carport build,carport cost australia|colorbond carport quote|double carport pricing,carpenters,,20,310,informational
how to quote epoxy floor coating,epoxy floor cost per m2|garage epoxy quote|polyaspartic flooring price,flooring-installers,epoxy-floor-coating-quote-template,18,200,informational
how to quote a laundry renovation,laundry reno cost australia|small laundry renovation|laundry cabinetry quote,builders,laundry-renovation-quote-template,15,140,informational
how to quote pool fencing installation,pool fence cost australia|glass pool fence quote|pool fence compliance,fencers,pool-fencing-quote-template,22,360,informational
how to quote rendering a house,house rendering cost|acrylic render price|cement render quote,renderers,render-house-quote-template,17,180,informational
how to quote LED downlight installation,led downlight install cost|dimmer switch quote|downlight rough in price,electricians,led-downlight-installation-quote-template,16,170,informational
how to quote termite treatment,termite treatment cost|chemical barrier price|termite warranty quote,pest-controllers,termite-treatment-quote-template,18,210,informational
how to quote a concrete slab,concrete slab cost per m2|house slab quote|shed slab pricing,concreters,concrete-slab-quote-template,21,330,informational
how to quote paving installation,paving cost per m2|brick paving quote|stone paving pricing,landscapers,paving-quote-template,19,260,informational
how to quote carpet cleaning,carpet cleaning cost australia|steam cleaning quote|stain removal price,cleaners,carpet-cleaning-quote-template,14,140,informational
how to quote bathroom tiling,bathroom tiling cost|wall tile quote|floor tile labour rate,tilers,bathroom-tiling-quote-template,17,190,informational
how to quote a garage door replacement,garage door cost australia|sectional door quote|roller door pricing,garage-door-installers,garage-door-replacement-quote-template,18,220,informational
how to quote outdoor kitchen build,outdoor kitchen cost australia|alfresco kitchen quote|bbq area pricing,builders,outdoor-kitchen-quote-template,16,180,informational
how to quote window replacement,double glazed window cost|aluminium window quote|window install labour,glaziers,window-replacement-quote-template,19,290,informational
how to quote commercial cleaning,commercial cleaning rates australia|office cleaning quote|strip and seal pricing,cleaners,commercial-cleaning-quote-template,16,180,informational
tradie job management app,job management software for tradies|tradie jobs board|tradie crm app,builders,,28,520,commercial
job scheduling app for tradies,tradie scheduling software|trade business calendar app|tradie diary app,builders,,24,410,commercial
how to track tradie jobs from quote to paid,job pipeline tradie|tradie job stages|trade job lifecycle,builders,,21,260,informational
google calendar for tradies,tradie work calendar|google calendar trade business|shared calendar with partner tradie,builders,,18,210,commercial
how to schedule tradie jobs without double booking,tradie booking software|double booked job|tradie diary management,builders,,17,180,informational
on site job photos for tradies,tradie photo app|trade job photos|before and after tradie photos,builders,,16,170,commercial
tradie job photo annotation app,job photo markup tradie|damage photo annotation|insurance photo tradie,builders,,14,130,commercial
tradie on site checklist app,job checklist tradie|materials checklist app|tradie task list,builders,,15,150,commercial
how to follow up on a quote as a tradie,tradie quote follow up template|quote chase tradie|quote conversion rate tradie,builders,,19,230,informational
automated quote follow ups for tradies,tradie auto follow up software|quote nudge tradie|quote reminder app,builders,,17,190,commercial
how to increase quote conversion rate tradie,tradie quote win rate|quote to job ratio|tradie sales conversion,builders,,18,210,informational
tradie cancelled jobs tracking,why tradie quotes get rejected|tradie lost jobs analysis|tradie quote rejection reasons,builders,,14,120,informational
quote to invoice workflow tradie,quote to invoice australia|one tap invoice tradie|quote acceptance to invoice,builders,,20,280,informational
tradie multi day job scheduling,multi day job tradie|long renovation job management|tradie multi week project,builders,,15,140,informational
tradie work pipeline dashboard,tradie revenue dashboard|tradie business pipeline|trade business kpi,builders,,16,160,commercial
how to handle a renovation job lifecycle,renovation project stages|reno job management|residential reno tracking,builders,,17,200,informational
tradie job management app vs servicem8,servicem8 alternative australia|cheaper than servicem8|tradie crm comparison,builders,,22,310,commercial
tradie job management app vs tradify,tradify alternative australia|cheaper than tradify|tradie scheduling comparison,builders,,21,290,commercial
free tradie job management app,free trade jobs board|no cost tradie crm|sole trader job tracker free,builders,,20,340,commercial
tradie job overdue invoice tracking,overdue tradie invoice|tradie aged receivables|invoice chase australia,builders,,18,220,informational
